month,value
2018-01,101.007
2018-02,101.198
2018-03,101.419
2018-04,101.602
2018-05,101.780
2018-06,101.872
2018-07,102.006
2018-08,102.016
2018-09,102.205
2018-10,102.366
2018-11,102.556
2018-12,102.735
2019-01,102.870
2019-02,102.963
2019-03,103.058
2019-04,103.265
2019-05,103.371
2019-06,103.560
2019-07,103.678
2019-08,103.797
2019-09,103.873
2019-10,104.028
2019-11,104.092
2019-12,104.322
2020-01,104.507
2020-02,104.711
2020-03,104.632
2020-04,104.293
2020-05,104.402
2020-06,104.565
2020-07,104.937
2020-08,105.243
2020-09,105.410
2020-10,105.507
2020-11,105.605
2020-12,105.896
2021-01,106.168
2021-02,106.435
2021-03,106.865
2021-04,107.493
2021-05,107.989
2021-06,108.522
2021-07,108.971
2021-08,109.340
2021-09,109.548
2021-10,110.119
2021-11,110.671
2021-12,111.280
2022-01,111.822
2022-02,112.362
2022-03,112.807
2022-04,113.178
2022-05,113.571
2022-06,114.273
2022-07,114.658
2022-08,115.248
2022-09,115.727
2022-10,116.186
2022-11,116.520
2022-12,116.923
2023-01,117.415
2023-02,117.825
2023-03,118.295
2023-04,118.671
2023-05,119.061
2023-06,119.350
2023-07,119.515
2023-08,119.662
2023-09,120.053
2023-10,120.321
2023-11,120.525
2023-12,120.694
2024-01,121.201
2024-02,121.570
2024-03,122.016
2024-04,122.252
2024-05,122.406
2024-06,122.667
2024-07,122.872
2024-08,123.135
2024-09,123.462
2024-10,123.816
2024-11,123.989
2024-12,124.198
2025-01,124.609
2025-02,125.002
2025-03,125.144
2025-04,125.524
2025-05,125.818
2025-06,126.133
2025-07,126.363
2025-08,126.646
2025-09,126.940
2025-10,127.165
2025-11,127.363
2025-12,127.765
2026-01,128.270
2026-02,128.701
2026-03,129.030
2026-04,129.395
2026-05,129.796
2026-06,129.969
2026-07,130.133
2026-08,130.455
