fiscal_year,debt_held_by_public_pct_gdp,interest_outlays_pct_gdp
1939,44.30793,
1940,41.59418,
1941,37.27505,
1942,40.85519,
1943,62.92963,
1944,82.33570,
1945,103.15473,
1946,106.31331,
1947,89.85802,
1948,78.80700,
1949,78.64942,
1950,73.04212,
1951,61.77323,
1952,58.47428,
1953,56.11251,
1954,57.48318,
1955,53.25775,
1956,49.44887,
1957,46.26202,
1958,47.02543,
1959,44.99151,
1960,43.65927,
1961,42.40416,
1962,41.06491,
1963,39.84626,
1964,37.51863,
1965,35.13456,
1966,32.41892,
1967,31.00148,
1968,30.77656,
1969,27.32861,
1970,26.38584,
1971,26.01193,
1972,25.20503,
1973,23.91650,
1974,22.24246,
1975,23.42567,
1976,25.48292,
1977,26.37588,
1978,25.81648,
1979,24.37072,
1980,24.91507,1.83855
1981,24.61459,2.14422
1982,27.65127,2.54298
1983,31.29577,2.4713
1984,32.37061,2.75168
1985,34.73859,2.98407
1986,38.00743,2.97004
1987,38.92310,2.85489
1988,39.17930,2.89897
1989,38.83132,2.99528
1990,40.44175,3.09144
1991,43.66586,3.15758
1992,46.00536,3.05727
1993,47.36272,2.8973
1994,47.11114,2.78476
1995,47.17956,3.0385
1996,46.25348,2.98587
1997,43.97875,2.84445
1998,41.05898,2.66052
1999,37.71504,2.38554
2000,33.26325,2.17491
2001,31.37046,1.94829
2002,32.39423,1.56416
2003,34.15892,1.33613
2004,35.15946,1.31163
2005,35.21843,1.41102
2006,34.95328,1.6402
2007,34.78666,1.63815
2008,39.29014,1.7113
2009,52.11124,1.29093
2010,59.93034,1.3037
2011,64.92547,1.47414
2012,69.40520,1.35603
2013,70.98469,1.30851
2014,72.57951,1.30029
2015,71.69547,1.2199
2016,75.33989,1.27644
2017,74.77730,1.33872
2018,76.24519,1.57323
2019,77.99774,1.74168
2020,98.32245,1.61621
2021,93.92368,1.48505
2022,93.08678,1.8265
2023,94.33358,2.36689
2024,96.23144,3.0032
2025,98.06613,3.15344
