month,price,dividend,gs10
1960-01,58.03,1.8667,4.72
1960-02,55.78,1.9033,4.49
1960-03,55.02,1.94,4.25
1960-04,55.73,1.9433,4.28
1960-05,55.22,1.9467,4.35
1960-06,57.26,1.95,4.15
1960-07,55.84,1.95,3.9
1960-08,56.51,1.95,3.8
1960-09,54.81,1.95,3.8
1960-10,53.73,1.95,3.89
1960-11,55.47,1.95,3.93
1960-12,56.8,1.95,3.84
1961-01,59.72,1.9467,3.84
1961-02,62.17,1.9433,3.78
1961-03,64.12,1.94,3.74
1961-04,65.83,1.94,3.78
1961-05,66.5,1.94,3.71
1961-06,65.62,1.94,3.88
1961-07,65.44,1.9467,3.92
1961-08,67.79,1.9533,4.04
1961-09,67.26,1.96,3.98
1961-10,68,1.98,3.92
1961-11,71.08,2,3.94
1961-12,71.74,2.02,4.06
1962-01,69.07,2.0267,4.08
1962-02,70.22,2.0333,4.04
1962-03,70.29,2.04,3.93
1962-04,68.05,2.0467,3.84
1962-05,62.99,2.0533,3.87
1962-06,55.63,2.06,3.91
1962-07,56.97,2.0667,4.01
1962-08,58.52,2.0733,3.98
1962-09,58,2.08,3.98
1962-10,56.17,2.0967,3.93
1962-11,60.04,2.1133,3.92
1962-12,62.64,2.13,3.86
1963-01,65.06,2.1367,3.83
1963-02,65.92,2.1433,3.92
1963-03,65.67,2.15,3.93
1963-04,68.76,2.1667,3.97
1963-05,70.14,2.1833,3.93
1963-06,70.11,2.2,3.99
1963-07,69.07,2.2033,4.02
1963-08,70.98,2.2067,4
1963-09,72.85,2.21,4.08
1963-10,73.03,2.2333,4.11
1963-11,72.62,2.2567,4.12
1963-12,74.17,2.28,4.13
1964-01,76.45,2.2967,4.17
1964-02,77.39,2.3133,4.15
1964-03,78.8,2.33,4.22
1964-04,79.94,2.3467,4.23
1964-05,80.72,2.3633,4.2
1964-06,80.24,2.38,4.17
1964-07,83.22,2.4,4.19
1964-08,82,2.42,4.19
1964-09,83.41,2.44,4.2
1964-10,84.85,2.46,4.19
1964-11,85.44,2.48,4.15
1964-12,83.96,2.5,4.18
1965-01,86.12,2.5167,4.19
1965-02,86.75,2.5333,4.21
1965-03,86.83,2.55,4.21
1965-04,87.97,2.57,4.2
1965-05,89.28,2.59,4.21
1965-06,85.04,2.61,4.21
1965-07,84.91,2.6267,4.2
1965-08,86.49,2.6433,4.25
1965-09,89.38,2.66,4.29
1965-10,91.39,2.68,4.35
1965-11,92.15,2.7,4.45
1965-12,91.73,2.72,4.62
1966-01,93.32,2.74,4.61
1966-02,92.69,2.76,4.83
1966-03,88.88,2.78,4.87
1966-04,91.6,2.7967,4.75
1966-05,86.78,2.8133,4.78
1966-06,86.06,2.83,4.81
1966-07,85.84,2.85,5.02
1966-08,80.65,2.87,5.22
1966-09,77.81,2.89,5.18
1966-10,77.13,2.8833,5.01
1966-11,80.99,2.8767,5.16
1966-12,81.33,2.87,4.84
1967-01,84.45,2.88,4.58
1967-02,87.36,2.89,4.63
1967-03,89.42,2.9,4.54
1967-04,90.96,2.9,4.59
1967-05,92.59,2.9,4.85
1967-06,91.43,2.9,5.02
1967-07,93.01,2.9067,5.16
1967-08,94.49,2.9133,5.28
1967-09,95.81,2.92,5.3
1967-10,95.66,2.92,5.48
1967-11,92.66,2.92,5.75
1967-12,95.3,2.92,5.7
1968-01,95.04,2.93,5.53
1968-02,90.75,2.94,5.56
1968-03,89.09,2.95,5.74
1968-04,95.67,2.9633,5.64
1968-05,97.87,2.9767,5.87
1968-06,100.5,2.99,5.72
1968-07,100.3,3.0033,5.5
1968-08,98.11,3.0167,5.42
1968-09,101.3,3.03,5.46
1968-10,103.8,3.0433,5.58
1968-11,105.4,3.0567,5.7
1968-12,106.5,3.07,6.03
1969-01,102,3.08,6.04
1969-02,101.5,3.09,6.19
1969-03,99.3,3.1,6.3
1969-04,101.3,3.11,6.17
1969-05,104.6,3.12,6.32
1969-06,99.14,3.13,6.57
1969-07,94.71,3.1367,6.72
1969-08,94.18,3.1433,6.69
1969-09,94.51,3.15,7.16
1969-10,95.52,3.1533,7.1
1969-11,96.21,3.1567,7.14
1969-12,91.11,3.16,7.65
1970-01,90.31,3.1633,7.79
1970-02,87.16,3.1667,7.24
1970-03,88.65,3.17,7.07
1970-04,85.95,3.1733,7.39
1970-05,76.06,3.1767,7.91
1970-06,75.59,3.18,7.84
1970-07,75.72,3.1833,7.46
1970-08,77.92,3.1867,7.53
1970-09,82.58,3.19,7.39
1970-10,84.37,3.1733,7.33
1970-11,84.28,3.1567,6.84
1970-12,90.05,3.14,6.39
1971-01,93.49,3.13,6.24
1971-02,97.11,3.12,6.11
1971-03,99.6,3.11,5.7
1971-04,103,3.1067,5.83
1971-05,101.6,3.1033,6.39
1971-06,99.72,3.1,6.52
1971-07,99,3.0967,6.73
1971-08,97.24,3.0933,6.58
1971-09,99.4,3.09,6.14
1971-10,97.29,3.0833,5.93
1971-11,92.78,3.0767,5.81
1971-12,99.17,3.07,5.93
1972-01,103.3,3.07,5.95
1972-02,105.2,3.07,6.08
1972-03,107.7,3.07,6.07
1972-04,108.8,3.07,6.19
1972-05,107.7,3.07,6.13
1972-06,108,3.07,6.11
1972-07,107.2,3.0733,6.11
1972-08,111,3.0767,6.21
1972-09,109.4,3.08,6.55
1972-10,109.6,3.1033,6.48
1972-11,115.1,3.1267,6.28
1972-12,117.5,3.15,6.36
1973-01,118.4,3.1567,6.46
1973-02,114.2,3.1633,6.64
1973-03,112.4,3.17,6.71
1973-04,110.3,3.1867,6.67
1973-05,107.2,3.2033,6.85
1973-06,104.8,3.22,6.9
1973-07,105.8,3.2367,7.13
1973-08,103.8,3.2533,7.4
1973-09,105.6,3.27,7.09
1973-10,109.8,3.3067,6.79
1973-11,102,3.3433,6.73
1973-12,94.78,3.38,6.74
1974-01,96.11,3.4,6.99
1974-02,93.45,3.42,6.96
1974-03,97.44,3.44,7.21
1974-04,92.46,3.46,7.51
1974-05,89.67,3.48,7.58
1974-06,89.79,3.5,7.54
1974-07,79.31,3.53,7.81
1974-08,76.03,3.56,8.04
1974-09,68.12,3.59,8.04
1974-10,69.44,3.5933,7.9
1974-11,71.74,3.5967,7.68
1974-12,67.07,3.6,7.43
1975-01,72.56,3.6233,7.5
1975-02,80.1,3.6467,7.39
1975-03,83.78,3.67,7.73
1975-04,84.72,3.6833,8.23
1975-05,90.1,3.6967,8.06
1975-06,92.4,3.71,7.86
1975-07,92.49,3.71,8.06
1975-08,85.71,3.71,8.4
1975-09,84.67,3.71,8.43
1975-10,88.57,3.7,8.14
1975-11,90.07,3.69,8.05
1975-12,88.7,3.68,8
1976-01,96.86,3.6833,7.74
1976-02,100.6,3.6867,7.79
1976-03,101.1,3.69,7.73
1976-04,101.9,3.7133,7.56
1976-05,101.2,3.7367,7.9
1976-06,101.8,3.76,7.86
1976-07,104.2,3.79,7.83
1976-08,103.3,3.82,7.77
1976-09,105.5,3.85,7.59
1976-10,101.9,3.9167,7.41
1976-11,101.2,3.9833,7.29
1976-12,104.7,4.05,6.87
1977-01,103.8,4.0967,7.21
1977-02,101,4.1433,7.39
1977-03,100.6,4.19,7.46
1977-04,99.05,4.2467,7.37
1977-05,98.76,4.3033,7.46
1977-06,99.29,4.36,7.28
1977-07,100.2,4.4067,7.33
1977-08,97.75,4.4533,7.4
1977-09,96.23,4.5,7.34
1977-10,93.74,4.5567,7.52
1977-11,94.28,4.6133,7.58
1977-12,93.82,4.67,7.69
1978-01,90.25,4.7133,7.96
1978-02,88.98,4.7567,8.03
1978-03,88.82,4.8,8.04
1978-04,92.71,4.8367,8.15
1978-05,97.41,4.8733,8.35
1978-06,97.66,4.91,8.46
1978-07,97.19,4.9467,8.64
1978-08,103.9,4.9833,8.41
1978-09,103.9,5.02,8.42
1978-10,100.6,5.0367,8.64
1978-11,94.71,5.0533,8.81
1978-12,96.11,5.07,9.01
1979-01,99.71,5.1133,9.1
1979-02,98.23,5.1567,9.1
1979-03,100.1,5.2,9.12
1979-04,102.1,5.2467,9.18
1979-05,99.73,5.2933,9.25
1979-06,101.7,5.34,8.91
1979-07,102.7,5.3967,8.95
1979-08,107.4,5.4533,9.03
1979-09,108.6,5.51,9.33
1979-10,104.5,5.5567,10.3
1979-11,103.7,5.6033,10.65
1979-12,107.8,5.65,10.39
1980-01,110.9,5.7,10.8
1980-02,115.3,5.75,12.41
1980-03,104.7,5.8,12.75
1980-04,103,5.8467,11.47
1980-05,107.7,5.8933,10.18
1980-06,114.6,5.94,9.78
1980-07,119.8,5.9833,10.25
1980-08,123.5,6.0267,11.1
1980-09,126.5,6.07,11.51
1980-10,130.2,6.1,11.75
1980-11,135.7,6.13,12.68
1980-12,133.5,6.16,12.84
1981-01,133,6.2,12.57
1981-02,128.4,6.24,13.19
1981-03,133.2,6.28,13.12
1981-04,134.4,6.3167,13.68
1981-05,131.7,6.3533,14.1
1981-06,132.3,6.39,13.47
1981-07,129.1,6.4333,14.28
1981-08,129.6,6.4767,14.94
1981-09,118.3,6.52,15.32
1981-10,119.8,6.5567,15.15
1981-11,122.9,6.5933,13.39
1981-12,123.8,6.63,13.72
1982-01,117.3,6.66,14.59
1982-02,114.5,6.69,14.43
1982-03,110.8,6.72,13.86
1982-04,116.3,6.75,13.87
1982-05,116.4,6.78,13.62
1982-06,109.7,6.81,14.3
1982-07,109.4,6.8233,13.95
1982-08,109.7,6.8367,13.06
1982-09,122.4,6.85,12.34
1982-10,132.7,6.8567,10.91
1982-11,138.1,6.8633,10.55
1982-12,139.4,6.87,10.54
1983-01,144.3,6.8833,10.46
1983-02,146.8,6.8967,10.72
1983-03,151.9,6.91,10.51
1983-04,157.7,6.92,10.4
1983-05,164.1,6.93,10.38
1983-06,166.4,6.94,10.85
1983-07,167,6.96,11.38
1983-08,162.4,6.98,11.85
1983-09,167.2,7,11.65
1983-10,167.7,7.03,11.54
1983-11,165.2,7.06,11.69
1983-12,164.4,7.09,11.83
1984-01,166.4,7.12,11.67
1984-02,157.3,7.15,11.84
1984-03,157.4,7.18,12.32
1984-04,157.6,7.2233,12.63
1984-05,156.6,7.2667,13.41
1984-06,153.1,7.31,13.56
1984-07,151.1,7.3333,13.36
1984-08,164.4,7.3567,12.72
1984-09,166.1,7.38,12.52
1984-10,164.8,7.43,12.16
1984-11,166.3,7.48,11.57
1984-12,164.5,7.53,11.5
1985-01,171.6,7.5733,11.38
1985-02,180.9,7.6167,11.51
1985-03,179.4,7.66,11.86
1985-04,180.6,7.6867,11.43
1985-05,184.9,7.7133,10.85
1985-06,188.9,7.74,10.16
1985-07,192.5,7.7733,10.31
1985-08,188.3,7.8067,10.33
1985-09,184.1,7.84,10.37
1985-10,186.2,7.86,10.24
1985-11,197.5,7.88,9.78
1985-12,207.3,7.9,9.26
1986-01,208.2,7.94,9.19
1986-02,219.4,7.98,8.7
1986-03,232.3,8.02,7.78
1986-04,238,8.0467,7.3
1986-05,238.5,8.0733,7.71
1986-06,245.3,8.1,7.8
1986-07,240.2,8.1433,7.3
1986-08,245,8.1867,7.17
1986-09,238.3,8.23,7.45
1986-10,237.4,8.2467,7.43
1986-11,245.1,8.2633,7.25
1986-12,248.6,8.28,7.11
1987-01,264.5,8.3,7.08
1987-02,280.9,8.32,7.25
1987-03,292.5,8.34,7.25
1987-04,289.3,8.4,8.02
1987-05,289.1,8.46,8.61
1987-06,301.4,8.52,8.4
1987-07,310.1,8.5667,8.45
1987-08,329.4,8.6133,8.76
1987-09,318.7,8.66,9.42
1987-10,280.2,8.71,9.52
1987-11,245,8.76,8.86
1987-12,241,8.81,8.99
1988-01,250.5,8.8567,8.67
1988-02,258.1,8.9033,8.21
1988-03,265.7,8.95,8.37
1988-04,262.6,9.0433,8.72
1988-05,256.1,9.1367,9.09
1988-06,270.7,9.23,8.92
1988-07,269.1,9.3067,9.06
1988-08,263.7,9.3833,9.26
1988-09,268,9.46,8.98
1988-10,277.4,9.55,8.8
1988-11,271,9.64,8.96
1988-12,276.5,9.75,9.11
1989-01,285.4,9.8133,9.09
1989-02,294,9.8967,9.17
1989-03,292.7,10.01,9.36
1989-04,302.3,10.0867,9.18
1989-05,313.9,10.1933,8.86
1989-06,323.7,10.37,8.28
1989-07,331.9,10.4233,8.02
1989-08,346.6,10.5467,8.11
1989-09,347.3,10.73,8.19
1989-10,347.4,10.7967,8.01
1989-11,340.2,10.9233,7.87
1989-12,348.6,11.06,7.84
1990-01,339.97,11.14,8.21
1990-02,330.45,11.23,8.47
1990-03,338.46,11.32,8.59
1990-04,338.18,11.4367,8.79
1990-05,350.25,11.5533,8.76
1990-06,360.39,11.66,8.48
1990-07,360.03,11.7267,8.47
1990-08,330.75,11.7833,8.75
1990-09,315.41,11.83,8.89
1990-10,307.12,11.9267,8.72
1990-11,315.29,12.0133,8.39
1990-12,328.75,12.09,8.08
1991-01,325.49,12.1067,8.09
1991-02,362.26,12.1133,7.85
1991-03,372.28,12.11,8.11
1991-04,379.68,12.13,8.04
1991-05,377.99,12.14,8.07
1991-06,378.29,12.15,8.28
1991-07,380.23,12.1933,8.27
1991-08,389.4,12.2367,7.9
1991-09,387.2,12.28,7.65
1991-10,386.88,12.2533,7.53
1991-11,385.92,12.2267,7.42
1991-12,388.51,12.2,7.09
1992-01,416.08,12.24,7.03
1992-02,412.56,12.28,7.34
1992-03,407.36,12.32,7.54
1992-04,407.41,12.32,7.48
1992-05,414.81,12.32,7.39
1992-06,408.27,12.32,7.26
1992-07,415.05,12.3433,6.84
1992-08,417.93,12.3667,6.59
1992-09,418.48,12.4,6.42
1992-10,412.5,12.3867,6.59
1992-11,422.84,12.3833,6.87
1992-12,435.64,12.39,6.77
1993-01,435.23,12.4133,6.6
1993-02,441.7,12.4467,6.26
1993-03,450.16,12.48,5.98
1993-04,443.08,12.4933,5.97
1993-05,445.25,12.5067,6.04
1993-06,448.06,12.52,5.96
1993-07,447.29,12.52,5.81
1993-08,454.13,12.52,5.68
1993-09,459.24,12.52,5.36
1993-10,463.9,12.54,5.33
1993-11,462.89,12.56,5.72
1993-12,465.95,12.58,5.77
1994-01,472.99,12.6233,5.75
1994-02,471.58,12.6667,5.97
1994-03,463.81,12.71,6.48
1994-04,447.23,12.7533,6.97
1994-05,450.9,12.7967,7.18
1994-06,454.83,12.84,7.1
1994-07,451.4,12.87,7.3
1994-08,464.24,12.9,7.24
1994-09,466.96,12.92,7.46
1994-10,463.81,13.0133,7.74
1994-11,461.01,13.0967,7.96
1994-12,455.19,13.17,7.81
1995-01,465.25,13.18,7.78
1995-02,481.92,13.18,7.47
1995-03,493.15,13.17,7.2
1995-04,507.91,13.2433,7.06
1995-05,523.81,13.3067,6.63
1995-06,539.35,13.36,6.17
1995-07,557.37,13.44,6.28
1995-08,559.11,13.51,6.49
1995-09,578.77,13.58,6.2
1995-10,582.92,13.65,6.04
1995-11,595.53,13.72,5.93
1995-12,614.57,13.79,5.71
1996-01,614.42,13.8933,5.65
1996-02,649.54,13.9967,5.81
1996-03,647.07,14.1,6.27
1996-04,647.17,14.1567,6.51
1996-05,661.23,14.2133,6.74
1996-06,668.5,14.27,6.91
1996-07,644.07,14.4,6.87
1996-08,662.68,14.53,6.64
1996-09,674.88,14.66,6.83
1996-10,701.46,14.74,6.53
1996-11,735.67,14.82,6.2
1996-12,743.25,14.9,6.3
1997-01,766.22,14.9533,6.58
1997-02,798.39,15.0067,6.42
1997-03,792.16,15.06,6.69
1997-04,763.93,15.0933,6.89
1997-05,833.09,15.1267,6.71
1997-06,876.29,15.16,6.49
1997-07,925.29,15.2167,6.22
1997-08,927.24,15.2733,6.3
1997-09,937.02,15.33,6.21
1997-10,951.16,15.3867,6.03
1997-11,938.92,15.4433,5.88
1997-12,962.37,15.5,5.81
1998-01,963.36,15.55,5.54
1998-02,1023.74,15.6,5.57
1998-03,1076.83,15.64,5.65
1998-04,1112.2,15.75,5.64
1998-05,1108.42,15.85,5.65
1998-06,1108.39,15.95,5.5
1998-07,1156.58,16.0167,5.46
1998-08,1074.62,16.0833,5.34
1998-09,1020.64,16.14,4.81
1998-10,1032.47,16.1667,4.53
1998-11,1144.43,16.1833,4.83
1998-12,1190.05,16.2,4.65
1999-01,1248.77,16.2833,4.72
1999-02,1246.58,16.3667,5
1999-03,1281.66,16.45,5.23
1999-04,1334.76,16.45,5.18
1999-05,1332.07,16.45,5.54
1999-06,1322.55,16.45,5.9
1999-07,1380.99,16.5133,5.79
1999-08,1327.49,16.5767,5.94
1999-09,1318.17,16.64,5.92
1999-10,1300.01,16.6567,6.11
1999-11,1391,16.6733,6.03
1999-12,1428.68,16.69,6.28
2000-01,1425.59,16.7133,6.66
2000-02,1388.87,16.7367,6.52
2000-03,1442.21,16.76,6.26
2000-04,1461.36,16.74,5.99
2000-05,1418.48,16.72,6.44
2000-06,1461.96,16.7,6.1
2000-07,1473,16.5833,6.05
2000-08,1485.46,16.4667,5.83
2000-09,1468.05,16.35,5.8
2000-10,1390.14,16.3233,5.74
2000-11,1378.04,16.2967,5.72
2000-12,1330.93,16.27,5.24
2001-01,1335.63,16.17,5.16
2001-02,1305.75,16.07,5.1
2001-03,1185.85,15.97,4.89
2001-04,1189.84,15.8767,5.14
2001-05,1270.37,15.7833,5.39
2001-06,1238.71,15.69,5.28
2001-07,1204.45,15.7067,5.24
2001-08,1178.5,15.7233,4.97
2001-09,1044.64,15.74,4.73
2001-10,1076.59,15.74,4.57
2001-11,1129.68,15.74,4.65
2001-12,1144.93,15.74,5.09
2002-01,1140.21,15.7367,5.04
2002-02,1100.67,15.7333,4.91
2002-03,1153.79,15.73,5.28
2002-04,1111.93,15.8333,5.21
2002-05,1079.25,15.9367,5.16
2002-06,1014.02,16.04,4.93
2002-07,903.59,15.96,4.65
2002-08,912.55,15.88,4.26
2002-09,867.81,15.8,3.87
2002-10,854.63,15.89,3.94
2002-11,909.93,15.98,4.05
2002-12,899.18,16.07,4.03
2003-01,895.84,16.12,4.05
2003-02,837.03,16.17,3.9
2003-03,846.63,16.22,3.81
2003-04,890.03,16.2033,3.96
2003-05,935.96,16.1867,3.57
2003-06,988,16.17,3.33
2003-07,992.54,16.31,3.98
2003-08,989.53,16.45,4.45
2003-09,1019.44,16.59,4.27
2003-10,1038.73,16.8567,4.29
2003-11,1049.9,17.1233,4.3
2003-12,1080.64,17.39,4.27
2004-01,1132.52,17.6,4.15
2004-02,1143.36,17.81,4.08
2004-03,1123.98,18.02,3.83
2004-04,1133.36,18.2133,4.35
2004-05,1102.78,18.4067,4.72
2004-06,1132.76,18.6,4.73
2004-07,1105.85,18.7867,4.5
2004-08,1088.94,18.9733,4.28
2004-09,1117.66,19.16,4.13
2004-10,1117.21,19.2533,4.1
2004-11,1168.94,19.3467,4.19
2004-12,1199.21,19.44,4.23
2005-01,1181.41,19.7033,4.22
2005-02,1199.63,19.9667,4.17
2005-03,1194.9,20.23,4.5
2005-04,1164.43,20.4633,4.34
2005-05,1178.28,20.6967,4.14
2005-06,1202.25,20.93,4
2005-07,1222.24,21.11,4.18
2005-08,1224.27,21.29,4.26
2005-09,1225.92,21.47,4.2
2005-10,1191.96,21.72,4.46
2005-11,1237.37,21.97,4.54
2005-12,1262.07,22.22,4.47
2006-01,1278.73,22.4067,4.42
2006-02,1276.65,22.5933,4.57
2006-03,1293.74,22.78,4.72
2006-04,1302.17,23,4.99
2006-05,1290.01,23.22,5.11
2006-06,1253.17,23.44,5.11
2006-07,1260.24,23.66,5.09
2006-08,1287.15,23.88,4.88
2006-09,1317.74,24.1,4.72
2006-10,1363.38,24.36,4.73
2006-11,1388.64,24.62,4.6
2006-12,1416.42,24.88,4.56
2007-01,1424.16,25.0833,4.76
2007-02,1444.8,25.2867,4.72
2007-03,1406.95,25.49,4.56
2007-04,1463.64,25.7167,4.69
2007-05,1511.14,25.9433,4.75
2007-06,1514.19,26.17,5.1
2007-07,1520.71,26.44,5
2007-08,1454.62,26.71,4.67
2007-09,1497.12,26.98,4.52
2007-10,1539.66,27.23,4.53
2007-11,1463.39,27.48,4.15
2007-12,1479.22,27.73,4.1
2008-01,1378.76,27.92,3.74
2008-02,1354.87,28.11,3.74
2008-03,1316.94,28.3,3.51
2008-04,1370.47,28.4367,3.68
2008-05,1403.22,28.5733,3.88
2008-06,1341.25,28.71,4.1
2008-07,1257.33,28.7567,4.01
2008-08,1281.47,28.8033,3.89
2008-09,1216.95,28.85,3.69
2008-10,968.8,28.6967,3.81
2008-11,883.04,28.5433,3.53
2008-12,877.56,28.39,2.42
2009-01,865.58,28.0133,2.52
2009-02,805.23,27.6367,2.87
2009-03,757.13,27.26,2.82
2009-04,848.15,26.7033,2.93
2009-05,902.41,26.1467,3.29
2009-06,926.12,25.59,3.72
2009-07,935.82,25.0267,3.56
2009-08,1009.73,24.4633,3.59
2009-09,1044.55,23.9,3.4
2009-10,1067.66,23.4033,3.39
2009-11,1088.07,22.9067,3.4
2009-12,1110.38,22.41,3.59
2010-01,1123.58,22.24,3.73
2010-02,1089.16,22.07,3.69
2010-03,1152.05,21.9,3.73
2010-04,1197.32,21.9467,3.85
2010-05,1125.06,21.9933,3.42
2010-06,1083.36,22.04,3.2
2010-07,1079.8,22.1433,3.01
2010-08,1087.28,22.2467,2.7
2010-09,1122.08,22.35,2.65
2010-10,1171.58,22.4767,2.54
2010-11,1198.89,22.6033,2.76
2010-12,1241.53,22.73,3.29
2011-01,1282.62,22.9633,3.39
2011-02,1321.12,23.1967,3.58
2011-03,1304.49,23.43,3.41
2011-04,1331.51,23.7333,3.46
2011-05,1338.31,24.0367,3.17
2011-06,1287.29,24.34,3
2011-07,1325.19,24.62,3
2011-08,1185.31,24.9,2.3
2011-09,1173.88,25.18,1.98
2011-10,1207.22,25.5967,2.15
2011-11,1226.42,26.0133,2.01
2011-12,1243.32,26.43,1.98
2012-01,1300.58,26.7367,1.97
2012-02,1352.49,27.0433,1.97
2012-03,1389.24,27.35,2.17
2012-04,1386.43,27.6733,2.05
2012-05,1341.27,27.9967,1.8
2012-06,1323.48,28.32,1.62
2012-07,1359.78,28.7433,1.53
2012-08,1403.45,29.1667,1.68
2012-09,1443.42,29.59,1.72
2012-10,1437.82,30.1433,1.75
2012-11,1394.51,30.6967,1.65
2012-12,1422.29,31.25,1.72
2013-01,1480.4,31.5367,1.91
2013-02,1512.31,31.8233,1.98
2013-03,1550.83,32.11,1.96
2013-04,1570.7,32.4967,1.76
2013-05,1639.84,32.8833,1.93
2013-06,1618.77,33.27,2.3
2013-07,1668.68,33.6467,2.58
2013-08,1670.09,34.0233,2.74
2013-09,1687.17,34.4,2.81
2013-10,1720.03,34.5967,2.62
2013-11,1783.54,34.7933,2.72
2013-12,1807.78,34.99,2.9
2014-01,1822.36,35.4033,2.86
2014-02,1817.04,35.8167,2.71
2014-03,1863.52,36.23,2.72
2014-04,1864.26,36.6133,2.71
2014-05,1889.77,36.9967,2.56
2014-06,1947.09,37.38,2.6
2014-07,1973.1,37.75,2.54
2014-08,1961.53,38.12,2.42
2014-09,1993.23,38.49,2.53
2014-10,1937.27,38.8067,2.3
2014-11,2044.57,39.1233,2.33
2014-12,2054.27,39.44,2.21
2015-01,2028.18,39.8967,1.88
2015-02,2082.2,40.3533,1.98
2015-03,2079.99,40.81,2.04
2015-04,2094.86,41.12,1.94
2015-05,2111.94,41.43,2.2
2015-06,2099.29,41.74,2.36
2015-07,2094.14,41.9967,2.32
2015-08,2039.87,42.2533,2.17
2015-09,1944.41,42.51,2.17
2015-10,2024.81,42.8033,2.07
2015-11,2080.62,43.0967,2.26
2015-12,2054.08,43.39,2.24
2016-01,1918.6,43.5533,2.09
2016-02,1904.42,43.7167,1.78
2016-03,2021.95,43.88,1.89
2016-04,2075.54,44.0733,1.81
2016-05,2065.55,44.2667,1.81
2016-06,2083.89,44.46,1.64
2016-07,2148.9,44.65,1.5
2016-08,2170.95,44.84,1.56
2016-09,2157.69,45.03,1.63
2016-10,2143.02,45.2533,1.76
2016-11,2164.99,45.4767,2.14
2016-12,2246.63,45.7,2.49
2017-01,2275.12,45.9267,2.43
2017-02,2329.91,46.1533,2.42
2017-03,2366.82,46.38,2.48
2017-04,2359.31,46.66,2.3
2017-05,2395.35,46.94,2.3
2017-06,2433.99,47.22,2.19
2017-07,2454.1,47.5367,2.32
2017-08,2456.22,47.8533,2.21
2017-09,2492.84,48.17,2.2
2017-10,2557,48.4233,2.36
2017-11,2593.61,48.6767,2.35
2017-12,2664.34,48.93,2.4
2018-01,2789.8,49.2867,2.58
2018-02,2705.16,49.6433,2.86
2018-03,2702.77,50,2.84
2018-04,2653.63,50.33,2.87
2018-05,2701.49,50.66,2.976
2018-06,2754.35,50.99,2.91
2018-07,2793.64,51.44,2.89
2018-08,2857.82,51.89,2.89
2018-09,2901.5,52.34,3
2018-10,2785.46,52.81,3.15
2018-11,2723.23,53.28,3.12
2018-12,2567.31,53.75,2.83
2019-01,2607.39,54.1467,2.71
2019-02,2754.86,54.5433,2.68
2019-03,2803.98,54.94,2.57
2019-04,2903.8,55.3191,2.53
2019-05,2854.71,55.6982,2.4
2019-06,2890.17,56.0773,2.06
2019-07,2996.1136,56.4582,1.63
2019-08,2897.4982,56.8391,1.63
2019-09,2982.156,57.22,1.7
2019-10,2977.68,57.56,1.71
2019-11,3104.9045,57.9,1.81
2019-12,3176.7495,58.24,1.86
2020-01,3278.2029,58.6869,1.76
2020-02,3277.3142,59.1337,1.5
2020-03,2652.3936,59.5806,0.87
2020-04,2761.9752,59.6137,0.66
2020-05,2919.615,59.6469,0.67
2020-06,3104.6609,59.68,0.73
2020-07,3207.6191,59.4033,0.62
2020-08,3391.71,59.1267,0.65
2020-09,3365.5167,58.85,0.68
2020-10,3418.7014,58.6596,0.79
2020-11,3548.9925,58.4692,0.87
2020-12,3695.31,58.2788,0.93
2021-01,3793.7484,58.0637,1.08
2021-02,3883.4321,57.8485,1.26
2021-03,3910.5083,57.6334,1.61
2021-04,4141.1762,57.7106,1.64
2021-05,4167.8495,57.7878,1.62
2021-06,4238.4895,57.865,1.52
2021-07,4363.7129,58.3282,1.32
2021-08,4454.2064,58.7913,1.28
2021-09,4445.5433,59.2545,1.37
2021-10,4460.7071,59.6354,1.58
2021-11,4667.3867,60.0162,1.56
2021-12,4674.7727,60.3971,1.47
2022-01,4573.8155,60.9214,1.76
2022-02,4435.9805,61.4457,1.93
2022-03,4391.2652,61.97,2.13
2022-04,4391.296,62.6533,2.75
2022-05,4040.36,63.3367,2.9
2022-06,3898.9467,64.02,3.14
2022-07,3911.7295,64.4528,2.9
2022-08,4158.563,64.8855,2.9
2022-09,3850.5205,65.3183,3.52
2022-10,3726.051,65.8522,3.98
2022-11,3917.4886,66.3861,3.89
2022-12,3912.381,66.92,3.62
2023-01,3960.6565,67.35,3.53
2023-02,4079.6847,67.78,3.75
2023-03,3968.5591,68.21,3.66
2023-04,4121.4674,68.3767,3.46
2023-05,4146.1732,68.5433,3.57
2023-06,4345.3729,68.71,3.75
2023-07,4508.0755,68.911,3.9
2023-08,4457.3587,69.1121,4.17
2023-09,4409.095,69.3131,4.38
2023-10,4269.4009,69.6433,4.8
2023-11,4460.0633,69.9735,4.5
2023-12,4685.0515,70.3037,4.02
2024-01,4815.6139,70.4774,4.06
2024-02,5011.9615,70.6511,4.21
2024-03,5170.5725,70.8248,4.21
2024-04,5112.4927,71.2085,4.54
2024-05,5235.2255,71.5921,4.48
2024-06,5415.1405,71.9758,4.31
2024-07,5538.0045,72.4505,4.25
2024-08,5478.2145,72.9253,3.87
2024-09,5621.2605,73.4,3.72
2024-10,5792.3196,73.8774,4.1
2024-11,5929.916,74.3548,4.36
2024-12,6010.9086,74.8323,4.39
2025-01,5979.5155,75.2699,4.63
2025-02,6038.69,75.7076,4.45
2025-03,5683.9833,76.1453,4.28
2025-04,5369.4957,76.5469,4.28
2025-05,5810.9195,76.9484,4.42
2025-06,6029.9515,77.35,4.38
2025-07,6296.4982,77.7267,4.39
2025-08,6408.9495,78.1033,4.26
2025-09,6584.0181,78.48,4.12
2025-10,6735.6917,78.8267,4.06
2025-11,6740.8858,79.1733,4.09
2025-12,6853.0255,79.52,4.14
2026-01,6929.122,79.8018,4.21
2026-02,6893.8063,80.0835,4.13
2026-03,6654.4191,80.3653,4.25
2026-04,6957.0076,80.8113,4.32
2026-05,7412.5515,81.2572,4.48
2026-06,7450.0329,81.7032,4.47
